id;start_date;end_date;language
1;2021-10-04T03:29:30;2021-10-04T01:19:45;ENGLISH
2;2021-10-03T12:57:05;2021-10-03T22:22:34;FRENCH
3;2021-10-03T22:53:17;2021-10-03T10:58:25;SPANISH
4;2021-10-04T03:24:06;2021-10-03T08:50:25;FRENCH
5;2021-10-04T05:40:29;2021-10-03T13:59:27;ENGLISH
6;2021-10-03T15:11:12;2021-10-04T05:11:32;SPANISH
7;2021-10-03T23:15:00;2021-10-03T09:49:09;FRENCH
8;2021-10-03T13:40:53;2021-10-03T10:16:42;FRENCH
9;2021-10-03T14:32:31;2021-10-04T02:03:57;FRENCH
10;2021-10-03T10:29:29;2021-10-04T03:26:58;FRENCH
